著者,いいね,タイトル
gushwell,49,C#プログラマーのためのJavaScriptチートシート
kureri,28,Microsoft Azure を無料で始めよう|利用開始手順と無料で利用できるサービスを解説
kotaproj,25,家電もチャットでコントロール！LLMで実現するスマートホーム生活
ハイナレ,17,.NETの全体像を理解したい
gushwell,12,C#ベースのオープンソースCMS「Orchard Core」について
ハイナレ,12,Visual Studio 2022 で GitHub Copilot を使う
gushwell,12,初めてのSvelteKit(環境構築、プロジェクト作成、実行、プロジェクト構成)
kotaproj,9,.NETでPlaywrightのテスト環境を構築しよう
kotaproj,7,Raspberry PiでIot.Device(.NET)を利用する
gushwell,7,C#プログラマーのためのJavaScriptチートシート(LINQ編)
gushwell,7,ASP.NET CoreプロジェクトにSvelteKitを組み込む
gushwell,6,C#ベースのオープンソースCMS「Orchard Core」の環境構築
tomiyama,6,【C#】最近見かけたコーディングから気になったもの４選
kotaproj,6,Raspberry Pi - Iot.Device(.NET)で表示デバイスを制御する
kotaproj,6,.NET nanoFrameworkを使って、ESP32の開発環境の構築（C#で組み込みデバイスを制御）
ハイナレ,6,EF Core の公式トレーニングを VS2022 と SQL Server で実行する
kotaproj,6,Azure IoT Hubをつかってみる－Azure Portalでの環境構築とVSCode IoT拡張機能によるメッセージ送信
gushwell,6,GitHub Copilot の利用方法（Visual Studio 2022 向け）
gushwell,6,GitHub Copilot Editsの利用方法（Visual Studio 2022 向け）
gushwell,6,爆速検索エンジン Meilisearch で Wiki 活用を加速させる！
gushwell,5,C#ベースのオープンソースCMS「Orchard Core」で作成する最初のWebサイト
gushwell,5,C#ベースのオープンソースCMS「Orchard Core」のコンテンツ管理の基礎
kotaproj,5,.NETでPlaywrightの便利機能をいろいろと
gushwell,5,C#ベースのオープンソースCMS「Orchard Core」をヘッドレスCMSとして利用する
kotaproj,5,Semantic KernelのGetting Started
ハイナレ,5,エラー「The target framework 'net8.0' must be 'net6.0'. 」の解消方法
gushwell,5,Svelte5でシンプルなモーダルコンポーネントを作る
kotaproj,5,Azure IoT Hubをつかってみる－コードベースでAzure IoT hubにメッセージ送信
kotaproj,5,Azure IoT Hubをつかってみる－クラウド側のメッセージをデバイスで受信
kureri,5,Microsoft Azure を無料で始めよう|Azure 無料アカウントの試用期間を過ぎたらどうなるのか
gushwell,5,.NET Frameworkで発生した『System.Net.Http が見つからない』問題を解決した話
ハイナレ,4,【C#】サロゲートペア文字のカウント方法
gushwell,4,GitHubの通知をChrome拡張機能で受け取る
"tomiyama,masahiko",4,【JavaScript】jQueryで実装していたコードをVanilla JSに書き換え
ハイナレ,4,Flutter doctorのエラーを解消した際のメモ
gushwell,4,SvelteKit入門: ルーティングとデータローディングについて理解しよう
ハイナレ,4,エラー「Failed to load FirebaseOptions from resource.」の解消方法
gushwell,4,Polyglot NotebooksでC#とJavaScriptをVS Code上で手軽に動かす
gushwell,4,ASP.NET CoreプロジェクトにSvelteを組み込む (SvelteKitは使わない)
kotaproj,4,Azure IoT Hubをつかってみる－ラズパイからAzure IoT hubにメッセージ送信
ハイナレ,4,Android Studioのエミュレーターが起動しない【API35】
gushwell,4,ASP.NET Core で Microsoft Entra ID 認証を設定する方法
gushwell,4,Azure App Service から Azure Key Vault を安全に利用する（ASP.NET Core編）
gushwell,4,Microsoft Entra ID のアプリロール方式で ASP.NET Core のページアクセスを簡単制御
kureri,4,複数画像に一括で枠線を追加する方法｜Python Pillow ライブラリを使用する
"tomiyama,masahiko",3,Azure Container Appsでカスタムドメインを使う
gushwell,3,C#ベースのオープンソースCMS「Orchard Core」のプロジェクトをVisual Studioで作成する
gushwell,3,Azure SQL Databaseを利用する
gushwell,3,C#ベースのオープンソースCMS「Orchard Core」の記事一覧
gushwell,3,C#ベースのオープンソースCMS「Orchard Core」の日本語化
gushwell,3,GitHub ActionsでVitePressサイトをAzure Static Web Appsに簡単デプロイ
ハイナレ,3,ちょっと迷うプログラミング用語の読み方
ハイナレ,3,【FVM】FlutterのSDKバージョンを管理する（Windows）
"tomiyama,masahiko",3,MCPをCursorから利用する
gushwell,3,ASP.NET CoreでAzure Monitor OpenTelemetryを使いログを出力する
gushwell,3,ASP.NET CoreにSerilogを導入する - 初心者向けガイド
gushwell,3,Azure App Service で SQLite を使う方法（ASP.NET Core 編）
gushwell,3,Open WebUIでMCPを活用する手順 ～Microsoft Learn MCP Serverの導入・活用ガイド～
kureri,3,Microsoft Azure を無料で始めよう|Azure AI Vision を試してみる
"tomiyama,masahiko",2,Azure Container Appsについて
gushwell,2,Visual StudioからAzure App Serviceにプログラムをデプロイする
gushwell,2,ChatGPTにGraphQLの概要を教えてもらった
gushwell,2,SQL Serverで特定テーブルを別DBへ“そっくり移す”手順（bcp + BULK INSERT）
gushwell,2,C#でMCP入門（DB接続編）- 書籍『MCP入門』のPythonコードを移植する
kotaproj,2,Claude Code × Cursor × WSL で Shift+Enter が改行にならなかった話（備忘録）
gushwell,1,aspnet-client-validationで実現するASP.NET Core MVCのクライアント検証
gushwell,1,C#でMCP入門（STDIO方式編）- 書籍『MCP入門』のPythonコードを移植する
gushwell,1,C#でMCP入門（HTTP方式編）- 書籍『MCP入門』のPythonコードを移植する
gushwell,0,C#でMCP入門（WebAPI活用編）- 書籍『MCP入門』のPythonコードを移植する
kureri,0,Microsoft Azure を無料で始めよう|Azure 音声を使ってリアルタイム音声翻訳アプリを作成する
